# PlayerName,Score,RoomsCleared,TimeElapsed,Date
Test Operative,10950,5,00:00,2026-09-29
Test Operative,10950,5,00:00,2026-09-29
Test Operative,10450,5,00:00,2026-09-28
Test Operative,10450,5,00:00,2026-09-28
Test Operative,10450,5,00:00,2026-09-28
Test Operative,10450,5,00:00,2026-09-28
Test Operative,10450,5,00:00,2026-09-28
Test Operative,10450,5,00:00,2026-09-28
Test Operative,10450,5,00:00,2026-09-28
Test Operative,10450,5,00:00,2026-09-28
Test Operative,10450,5,00:00,2026-09-28
Test Operative,10450,5,00:00,2026-09-28
kuk,8736,6,30:21,2026-09-29
kuk,7228,5,30:21,2026-09-29
